Product ID,Product Name,Brand,Price,Quantity,Floor,Section,Category,Image URL
P1001,Rice,Daawat,3018.0,18,1,1,Groceries,https://m.media-amazon.com/images/I/61Y1PZx5CZL.jpg
P1002,Rice,India Gate,3186.3,42,1,1,Groceries,http://www.wbfoodbasket.com/cdn/shop/files/81mHz4XKK0L._SX569.jpg?v=1703577312
P1003,Rice,Kohinoor,3543.11,41,1,1,Groceries,https://m.media-amazon.com/images/I/91VMmr6x-YL.jpg
P1004,Rice,Lal Qilla,78.9,74,1,1,Groceries,http://5.imimg.com/data5/SELLER/Default/2023/3/296387778/VQ/SD/SS/187036174/lal-qilla-traditional-basmati-rice.jpeg
P1005,Rice,Fortune,3936.7,48,1,1,Groceries,"https://m.media-amazon.com/images/I/81ShgpqhFyL._AC_UF894,1000_QL80_.jpg"
P1006,Pasta,Disano,2729.42,60,1,1,Groceries,https://m.media-amazon.com/images/I/71XmMHS4ItL.jpg
P1007,Pasta,Bambino,1010.78,9,1,1,Groceries,https://bambinopasta.in/cdn/shop/files/bambino-nutraawell-pasta-macaroni-shell-730217.jpg?v=1720944883&width=1946
P1008,Pasta,Weikfield,4106.4,55,1,1,Groceries,https://m.media-amazon.com/images/I/81tiBGqz8YL.jpg
P1009,Pasta,Barilla,638.93,16,1,1,Groceries,https://images.ctfassets.net/43ibah8kumsy/2huYn9A2Qexgiodt3zir8r/bc039d6824ecc7977cbf4b8ad000a04b/Barilla_Ditalini_Pasta.png?w=1600&h=1600&fm=webp&q=50
P1010,Pasta,Del Monte,2822.49,64,1,1,Groceries,https://pinoywarehouse.com.au/wp-content/uploads/2023/12/del-monte-spaghetti-pasta-900g-2.jpg
P1011,Sugar,Madhur,1695.33,76,1,1,Groceries,https://www.urbangroc.com/wp-content/uploads/2021/11/Madhur-Sugar-e1682781044953.jpg.webp
P1012,Sugar,Parry,278.21,25,1,1,Groceries,"https://www.jiomart.com/images/product/original/491296576/parry-s-white-label-sulpher-free-sugar-5-kg-product-images-o491296576-p491296576-0-202203151752.jpg?im=Resize=(1000,1000)"
P1013,Sugar,Dhampur,3550.19,50,1,1,Groceries,http://www.dhampurgreen.com/cdn/shop/products/Breakfast-Sugar-1kg_1-scaled.jpg?v=1687512840
P1014,Sugar,Tata,2116.8,56,1,1,Groceries,https://lsmedia.linker-cdn.net/255729/2020/3492930.jpg?d=390x390
P1015,Sugar,24 Mantra Organic,1395.88,54,1,1,Groceries,"https://m.media-amazon.com/images/I/71QKN8LyB9L._AC_UF1000,1000_QL80_.jpg"
P1016,Flour,Aashirvaad,4812.14,78,1,1,Groceries,https://assets.shop.loblaws.ca/products/21359688/b3/en/front/21359688_front_a06_@2.png
P1017,Flour,Pillsbury,1962.93,7,1,1,Groceries,"https://m.media-amazon.com/images/I/816Ez9L+AXL._AC_UF894,1000_QL80_.jpg"
P1018,Flour,Shakti Bhog,2462.33,58,1,1,Groceries,https://www.exoticindias.com/wp-content/uploads/2017/11/Shakti-Bhog-Atta-whole-wheat-flour.jpg
P1019,Flour,Fortune,1004.08,66,1,1,Groceries,https://images.epallet.com/production/media/cache/b7/f5/b7f51902ce3931d738261b18be573293.jpg
P1020,Flour,Nature Fresh,4442.98,52,1,1,Groceries,https://cdn.atwilltech.com/flowerdatabase/m/mother-nature-fresh-flowers-625d8c409691e4.18760944.425.jpg
P1021,Milk,Amul,2135.64,37,1,1,Groceries,https://m.media-amazon.com/images/I/812816L+HkL.jpg
P1022,Milk,Mother Dairy,1614.27,32,1,1,Groceries,https://daily.myindianbrand.com/wp-content/uploads/2023/01/Mother-Dairy-Toned-Milk-1l.webp
P1023,Milk,Nandini,2356.12,76,1,1,Groceries,"https://ik.imagekit.io/dunzo/tr:w-$w$,h-$h$,cm-pad_resize/MWJKbzdXQktXdkN0ZzY0aFdhbFBZQT09-product_image.jpg"
P1024,Milk,Nestle,208.23,8,1,1,Groceries,https://www.nestleprofessional.us/sites/default/files/styles/np_product_detail/public/whaegqytyhb15urlmraw.jpg?itok=_0mOMOBj
P1025,Milk,Britannia,3617.52,59,1,1,Groceries,https://gifts.temglobal.com/wp-content/uploads/2024/04/71rXMzC4kYL._SL1500_.jpg
P1026,Eggs,Suguna,4955.63,52,1,1,Groceries,https://www.delfrez.com/UploadImages/193539dd-269e-4fae-9f3c-832069610288_img.jpeg
P1027,Eggs,Zorabian,2090.07,32,1,1,Groceries,https://s1.dmcdn.net/v/WTboa1cQntw4CchI8/x1080
P1028,Eggs,Venky's,2134.21,26,1,1,Groceries,http://5.imimg.com/data5/SELLER/Default/2021/3/UM/PC/AY/62723344/egg1-500x500.JPG
P1029,Eggs,Godrej,1208.59,99,1,1,Groceries,https://lookaside.fbsbx.com/lookaside/crawler/media/?media_id=2121181067925632
P1030,Eggs,Eggspert,3514.98,52,1,1,Groceries,https://d1hbpr09pwz0sk.cloudfront.net/logo_url/eggspert-eggs-69bb98bb
P1031,Bread,Britannia,3773.81,95,1,1,Groceries,https://media.britannia.co.in/Sandwich_White_Bread_1_e47ebe8165.png
P1032,Bread,Harvest Gold,3530.98,35,1,1,Groceries,https://harvestgold.in/image/ProductImage/818a8a255136cbe36165ad397ee9a2b4.png
P1033,Bread,Modern,4885.39,100,1,1,Groceries,"https://instamart-media-assets.swiggy.com/swiggy/image/upload/fl_lossy,f_auto,q_auto,h_600/NI_CATALOG/IMAGES/CIW/2024/4/19/23e8a324-05ce-4bd3-8020-eb71eea04e15_breadandgourmetbread_VQ68OBONTM_MN.png"
P1034,Bread,Fresho,2414.75,18,1,1,Groceries,https://ariso.blob.core.windows.net/ariso/ruploads/09052022-40013625_3-fresho-brown-bread-safe-preservative-free.jpg
P1035,Bread,English Oven,1811.94,68,1,1,Groceries,https://lookaside.fbsbx.com/lookaside/crawler/media/?media_id=100064488440092
P1036,Oil,Fortune,91.81,14,1,1,Groceries,https://m.media-amazon.com/images/I/71wVU7pgwAL.jpg
P1037,Oil,Saffola,4188.83,29,1,1,Groceries,"https://m.media-amazon.com/images/I/612VxcnVxrL._AC_UF894,1000_QL80_.jpg"
P1038,Oil,Dalda,3177.74,59,1,1,Groceries,https://punjabistore.com.pk/wp-content/uploads/2022/02/Dalda-Cooking-Oil.jpg
P1039,Oil,Sundrop,3250.15,46,1,1,Groceries,https://prod-assets.inalipa.co.tz/products/d73e2426815cb8a29b365d69d8bf77.jpg
P1040,Oil,Gemini,2844.04,76,1,1,Groceries,https://www.jiomart.com/images/product/original/490012720/gemini-refined-sunflower-oil-5-l-product-images-o490012720-p490012720-0-202309090429.jpg
P1041,Salt,Tata,2578.3,51,1,1,Groceries,https://m.media-amazon.com/images/I/616LG6VGBWL.jpg
P1042,Salt,Aashirvaad,1110.84,37,1,1,Groceries,https://m.media-amazon.com/images/I/81Jv9RTTQUL.jpg
P1043,Salt,Catch,1571.38,49,1,1,Groceries,https://m.media-amazon.com/images/I/61NKu6+rWtL.jpg
P1044,Salt,Nirma,963.51,18,1,1,Groceries,https://rukminim2.flixcart.com/image/850/1000/kz7bcsw0/salt/o/r/j/1-shudh-1-iodized-salt-nirma-original-imagb9a4jjhxz7ts.jpeg?q=90&crop=false
P1045,Salt,Annapurna,4014.51,45,1,1,Groceries,https://bigsampsmarket.com/wp-content/uploads/2024/05/Anapuna.jpg
P1046,Tea,Tata Tea,184.01,66,1,1,Groceries,https://www.tataconsumer.com/sites/g/files/gfwrlq316/files/TCPL_Tata-Tea-product-portfolio_v2_0.jpg
P1047,Tea,Brooke Bond,1721.26,34,1,1,Groceries,"https://m.media-amazon.com/images/I/71GL6S2vt+L._AC_UF894,1000_QL80_.jpg"
P1048,Tea,Lipton,769.46,31,1,1,Groceries,https://images.ctfassets.net/e8bhhtr91vp3/u57hlD2mehS7ea03vStqA/7cf1b42f85ac8c6ca43711c7c52a78ec/PNG-LPT_100ct_Plunge_2022_5000x5000.webp?w=800&q=70
P1049,Tea,Wagh Bakri,3948.25,87,1,1,Groceries,"https://m.media-amazon.com/images/I/51VhGYHTeXL._AC_UF894,1000_QL80_.jpg"
P1050,Tea,Society,1483.46,29,1,1,Groceries,https://image.adsoftheworld.com/6c299l334egzk8ed9zm3o9ohxpgg
P1051,Mobile,Samsung,1852.53,41,1,2,Electronics,https://www.notebookcheck.net/fileadmin/Notebooks/News/_nc3/Evolutia_camerelor_foto_pe_seria_emblematica_Samsung_Galaxy_S_8.png
P1052,Mobile,Apple,2827.87,43,1,2,Electronics,https://www.apple.com/v/iphone/home/bx/images/overview/consider_modals/environment/modal_trade_in__k5xx81wg61ei_large.jpg
P1053,Mobile,Xiaomi,2435.2,28,1,2,Electronics,https://i02.appmifile.com/976_operatorx_operatorx_opx/23/02/2024/c4866f7bdd20c6ed7acf6082417dd340.png
P1054,Mobile,OnePlus,1158.91,73,1,2,Electronics,"https://image01.oneplus.net/ebp/202304/11/1-m00-43-ec-ckvtlmq0_d2afrwnaanmzr5p60g201.png?x-amz-process=image/format,webp/quality,Q_80"
P1055,Mobile,Realme,2957.56,54,1,2,Electronics,https://cdn.vox-cdn.com/thumbor/WGfqNpljNczLXLhVCekh-37BWZA=/0x0:2100x1400/1400x1400/filters:focal(1342x704:1343x705)/cdn.vox-cdn.com/uploads/chorus_asset/file/24464849/bg_88fb5fbaca.jpg
P1056,Laptop,HP,97.71,63,1,2,Electronics,https://www.hp.com/ca-en/shop/Html/Merch/Images/c08505208_1750x1285.jpg
P1057,Laptop,Dell,531.4,70,1,2,Electronics,"https://i.dell.com/is/image/DellContent//content/dam/ss2/product-images/dell-client-products/notebooks/latitude-notebooks/14-3420/media-gallery/peripherals_laptop_latitude_3420nt_gallery_1.psd?fmt=pjpg&pscan=auto&scl=1&wid=3319&hei=2405&qlt=100,1&resMode=sharp2&size=3319,2405&chrss=full&imwidth=5000"
P1058,Laptop,Lenovo,457.79,11,1,2,Electronics,https://p3-ofp.static.pub/fes/cms/2022/12/28/lnfmv13jwu5nb0xzzmczeytk58lh6e366455.png
P1059,Laptop,Asus,711.37,52,1,2,Electronics,https://m.media-amazon.com/images/I/71Hy5SYr3tL.jpg
P1060,Laptop,Acer,2554.9,56,1,2,Electronics,"https://static-ecpa.acer.com/media/catalog/product/a/s/aspire-1_a115-32_non-fp-non-backlit_silver_gallery_05_1.png?optimize=high&bg-color=255,255,255&fit=bounds&height=320&width=320&canvas=320:320&format=jpeg"
P1061,Smart Watch,Apple,640.44,86,1,2,Electronics,"https://m.media-amazon.com/images/I/71LfnkRgZ4L._AC_UF894,1000_QL80_.jpg"
P1062,Smart Watch,Samsung,2680.13,81,1,2,Electronics,https://images.samsung.com/is/image/samsung/p6pim/uk/2407/feature/uk-feature---x20-542438596?$FB_TYPE_I_JPG$
P1063,Smart Watch,Fitbit,2933.77,67,1,2,Electronics,"https://m.media-amazon.com/images/I/51MUa0WUSKL._AC_UF1000,1000_QL80_.jpg"
P1064,Smart Watch,Garmin,721.79,94,1,2,Electronics,"https://res.garmin.com/transform/image/upload/b_rgb:FFFFFF,c_pad,dpr_2.0,f_auto,h_400,q_auto,w_400/c_pad,h_400,w_400/v1/Product_Images/en/products/010-02540-34/v/pd-02-xl-275f005c-0ada-4beb-bd93-c5a750758461?pgw=1"
P1065,Smart Watch,Noise,1505.96,49,1,2,Electronics,https://i.ytimg.com/vi/e_iwrKkb5cc/maxresdefault.jpg
P1066,Headphones,Boat,3626.23,27,1,2,Electronics,"https://m.media-amazon.com/images/I/71ISIssoVFL._AC_UF1000,1000_QL80_.jpg"
P1067,Headphones,Sony,3058.87,68,1,2,Electronics,"https://m.media-amazon.com/images/I/61AQDfwqfqL._AC_UF894,1000_QL80_.jpg"
P1068,Headphones,JBL,2122.56,55,1,2,Electronics,"https://m.media-amazon.com/images/I/61oGAG5r7cL._AC_UF894,1000_QL80_.jpg"
P1069,Headphones,Sennheiser,4951.86,45,1,2,Electronics,https://media.graphassets.com/9NFzjzfOQtOY0pbmyUO5
P1070,Headphones,Bose,4936.69,58,1,2,Electronics,https://m.media-amazon.com/images/I/61rgsnfRJlL.jpg
P1071,Television,LG,1515.97,52,1,2,Electronics,https://www.lg.com/africa/images/plp-b2c/plp-b2c-3/TV-UHD-Category-Banner-Mobile.jpg
P1072,Television,Sony,4642.28,56,1,2,Electronics,https://i.rtings.com/assets/pages/ywyg5sua/best-sony-tvs-20230825-3-medium.jpg?format=auto
P1073,Television,Samsung,4087.37,67,1,2,Electronics,https://images.samsung.com/is/image/samsung/assets/us/tvs/08142024/SG24-115K-0803-ShopperCreative-PCD-ImagesUpdate_NeoOLED8K_720x540_V2.jpg?$720_N_JPG$
P1074,Television,Mi,3673.9,67,1,2,Electronics,https://i01.appmifile.com/webfile/globalimg/products/m/mi-tv-p1-32/m-specs-header02.png
P1075,Television,TCL,4236.07,78,1,2,Electronics,https://www.tcl.com/usca/content/dam/tcl/products/home-theater/55-65R646_Master_0000s_0000_Front-copy.png
P1076,Camera,Canon,261.62,15,1,2,Electronics,https://i1.adis.ws/i/canon/eos-r7-lifestyle_c604337a3b374a94a080d40b43f3a920?$70-30-header-4by3-dt-jpg$
P1077,Camera,Nikon,1713.56,85,1,2,Electronics,https://upload.wikimedia.org/wikipedia/commons/d/d4/2023_Nikon_D90_%281%29.jpg
P1078,Camera,Sony,2840.36,36,1,2,Electronics,"https://m.media-amazon.com/images/I/71qP7wR8KkL._AC_UF894,1000_QL80_.jpg"
P1079,Camera,Fujifilm,2424.35,86,1,2,Electronics,https://fujifilm-x.b-cdn.net/wp-content/uploads/2022/05/sgew_x-h2s_thum-1.png
P1080,Camera,Panasonic,2752.24,6,1,2,Electronics,https://shop.panasonic.com/cdn/shop/files/category-tile_camcorder.jpg?v=1690930604&width=1200
P1081,Tablet,Apple,1523.19,58,1,2,Electronics,https://store.storeimages.cdn-apple.com/1/as-images.apple.com/is/ipad-pro-finish-unselect-gallery-1-202405_FMT_WHH?wid=1280&hei=720&fmt=p-jpg&qlt=80&.v=YXpaUEtKWGhlNnNrVGZkTEo4T0xsN2dzSmpObkZCM3MrNmJ5SkhESlNDaUNOeTJ0NG53OUFoWllqZzhOc3p1UzN0bWR6ME9RYmIrVG9PSXZFalM2aHdBb0pjWml6bllCL0Y5a1RKc2gxZjlIaERUT3FJbHFiWTlmb2lodm1tWE5BYzJOWEFVWXIzMVgzRTh3OWFLOTN3&traceId=1
P1082,Tablet,Samsung,4966.99,20,1,2,Electronics,https://img.us.news.samsung.com/us/wp-content/uploads/2019/07/30155346/Product-Image-Galaxy-Tab-S6-2.jpg
P1083,Tablet,Lenovo,784.23,67,1,2,Electronics,https://p1-ofp.static.pub//fes/cms/2024/05/24/l00v181zmokewobpvy9j8uw8pw9wnl135377.png
P1084,Tablet,Microsoft,3902.16,53,1,2,Electronics,https://cdn-dynmedia-1.microsoft.com/is/image/microsoftcorp/surface-pro-11th-edition-sapphire-surface-pro-flex-keyboard-sapphire?fmt=png-alpha&scl=1
P1085,Tablet,Huawei,1551.95,8,1,2,Electronics,https://m.media-amazon.com/images/I/61sjJDM2aIL.jpg
P1086,Speaker,JBL,3219.83,78,1,2,Electronics,https://kh.jbl.com/dw/image/v2/AAUJ_PRD/on/demandware.static/-/Sites-masterCatalog_Harman/default/dw8870fbe0/1_JBL_PARTYBOX_110_HERO_x2.png?sw=537&sfrm=png
P1087,Speaker,Sony,446.96,96,1,2,Electronics,"https://m.media-amazon.com/images/I/614pmXRPMFL._AC_UF894,1000_QL80_.jpg"
P1088,Speaker,Boat,2569.64,31,1,2,Electronics,https://dms.mydukaan.io/original/jpeg/upload_file_service/8b242f8a-2fd6-4fac-98d3-e90e432c44f7/718dqdku9tl-sl1500.jpg
P1089,Speaker,Bose,3775.01,77,1,2,Electronics,https://assets.bosecreative.com/transform/f574ddcc-222b-4dd5-be1f-fa5f0ce781bc/SLF_product-silo_black_bundle_1200x1022
P1090,Speaker,Philips,3121.27,28,1,2,Electronics,https://images.philips.com/is/image/philipsconsumer/3dbaf514e89a4a449283b0cc0112e89d?wid=700&hei=700&$pnglarge$
P1091,Router,TP-Link,4390.53,83,1,2,Electronics,https://static.tp-link.com/TL-WR841N_EU_14.0_01_normal_1524475416205s.jpg
P1092,Router,Netgear,1745.03,82,1,2,Electronics,https://www.netgear.com/cid/fit/1024x633/to/jpg/https/www.netgear.com/media/B1_r7000p_32_tcm148-139424.png
P1093,Router,D-Link,4214.25,49,1,2,Electronics,https://www.dlink.com/uk/en/-/media/product-pages/dir/615/dir615h2imagelfrontgb.png
P1094,Router,Asus,3391.72,78,1,2,Electronics,https://dlcdnwebimgs.asus.com/gain/1BB9AD26-5858-42DB-82F9-8AB4D7EE31B2
P1095,Router,Tenda,4309.74,94,1,2,Electronics,"https://m.media-amazon.com/images/I/61+48ep-45L._AC_UF350,350_QL80_.jpg"
P1096,Charger,Boat,4777.9,68,1,2,Electronics,https://chargerboats.com/wp-content/uploads/2020/10/198-Elite-scaled.jpg
P1097,Charger,Mi,910.03,53,1,2,Electronics,https://m.media-amazon.com/images/I/51DIL3GSefL.jpg
P1098,Charger,Samsung,444.46,1,1,2,Electronics,https://m.media-amazon.com/images/I/61yGmjxxulL.jpg
P1099,Charger,Ambrane,4222.63,99,1,2,Electronics,https://m.media-amazon.com/images/I/51vNMkTB4WL.jpg
P1100,Charger,Anker,1833.91,69,1,2,Electronics,https://cdn.shopify.com/s/files/1/0493/9834/9974/files/Rectangle8.png?v=1690893875
P1101,T-shirt,Nike,87.44,77,1,3,Clothing,"https://static.nike.com/a/images/t_PDP_936_v1/f_auto,q_auto:eco/3faa12a1-e568-4fc8-8924-1e1705aad704/W+NSW+CLUB+SS+TEE.png"
P1102,T-shirt,Adidas,2328.83,78,1,3,Clothing,"https://assets.adidas.com/images/w_600,f_auto,q_auto/825d33b9f25a4a69b2baac4600ea0e04_9366/Essentials_Big_Logo_Tee_Black_GK9120_01_laydown.jpg"
P1103,T-shirt,Puma,2900.02,72,1,3,Clothing,"https://images.puma.com/image/upload/f_auto,q_auto,b_rgb:fafafa,w_600,h_600/global/838302/01/mod01/fnd/PNA/fmt/png/Iconic-V-Neck-T-Shirt"
P1104,T-shirt,Levi's,2886.45,58,1,3,Clothing,"https://lsco.scene7.com/is/image/lsco/177830137-dynamic1-pdp-lse?fmt=jpeg&qlt=70&resMode=sharp2&fit=crop,1&op_usm=0.6,0.6,8&wid=2000&hei=1840"
P1105,T-shirt,HRX,3055.73,14,1,3,Clothing,https://nimbuscluster.blob.core.windows.net/server01/hrx/product/productImage-Dy4HiouWWe7myyZF4Z3Xo-1662610562
P1106,Jeans,Levi's,4826.22,40,1,3,Clothing,"https://lsco.scene7.com/is/image/lsco/005010134-alt1-pdp-ld?fmt=jpeg&qlt=70&resMode=sharp2&fit=crop,1&op_usm=0.6,0.6,8&wid=2000&hei=1840"
P1107,Jeans,Wrangler,3960.99,87,1,3,Clothing,https://imageseu.wrangler.com/is/image/EUWrangler/W12133010_5?$KDP-XLARGE$
P1108,Jeans,Pepe,4806.21,74,1,3,Clothing,https://dakonda.com/modules/ph_simpleblog/covers/39.jpg
P1109,Jeans,Spykar,2299.52,10,1,3,Clothing,https://spykar.com/cdn/shop/products/QQCFpIjnnY-RO-02BB-08LT-_283_29_72e896ef-8c12-4aa5-9cfc-c25bcc2aae1c.jpg?v=1656682034
P1110,Jeans,Lee,2775.99,73,1,3,Clothing,https://imageseu.lee.com/is/image/EULee/112341354_6?$KDP-XLARGE$
P1111,Jacket,Woodland,3135.04,38,1,3,Clothing,https://preview.redd.it/do-the-combat-woodland-jackets-even-exist-or-is-this-some-v0-3q9t8aegwppb1.jpg?width=640&crop=smart&auto=webp&s=d3c353487e6ab15637a6fe07065ad89eff3fd3f7
P1112,Jacket,Wildcraft,3780.6,35,1,3,Clothing,https://wildcraft.com/media/catalog/product/1/_/1_2242.jpg?width=960
P1113,Jacket,Nike,1219.83,33,1,3,Clothing,"https://static.nike.com/a/images/t_PDP_936_v1/f_auto,q_auto:eco/3de17949-362c-4df1-87dd-3dd533d4141b/K+NSW+LOW+SYNFL+JKT+ADP.png"
P1114,Jacket,Zara,2770.05,44,1,3,Clothing,https://static.zara.net/assets/public/b055/c136/3a5644889a21/51bd81793fb9/03427736800-e1/03427736800-e1.jpg?ts=1723535831526
P1115,Jacket,Puma,3351.46,74,1,3,Clothing,"https://images.puma.com/image/upload/f_auto,q_auto,b_rgb:fafafa,w_600,h_600/global/589423/01/fnd/PNA/fmt/png/Iconic-T7-Men's-Track-Jacket"
P1116,Dress,Zara,2888.58,30,1,3,Clothing,https://static.zara.net/assets/public/94e8/88bd/3ef9441dbfa8/3f2912e514f4/02298167046-p/02298167046-p.jpg?ts=1720018228014&w=824
P1117,Dress,H&M,677.23,9,1,3,Clothing,https://image.hm.com/assets/hm/dc/83/dc836abaa2ac21e86c1f33c7cdbeed6c71efaca3.jpg?imwidth=2160
P1118,Dress,Forever 21,4038.58,54,1,3,Clothing,https://www.forever21.com/dw/image/v2/BFKH_PRD/on/demandware.static/-/Sites-f21-master-catalog/default/dwe3b07314/1_front_750/00464182-04.jpg?sw=1000&sh=1500
P1119,Dress,Global Desi,2860.56,22,1,3,Clothing,https://www.highheelconfidential.com/shared/content/uploads/2020/02/Saiyami-Kher-In-Anita-Dongre-Grassroot-At-Thappad-Screening.jpg
P1120,Dress,FabIndia,1132.31,68,1,3,Clothing,https://apisap.fabindia.com/medias/20124615-01.jpg?context=bWFzdGVyfGltYWdlc3wyNDQzNDZ8aW1hZ2UvanBlZ3xhR1JrTDJoaFlpOHhNemc1TkRVMU9EUXhOamt5Tmk4eU1ERXlORFl4TlY4d01TNXFjR2N8ZjUxYzU3MTFmYTdkYWEyYmZlNjMyZGIxOWEyYTVmMWNmZTc5YTdmMTUyNWRiYzVhMzU1OTIyMzU3NTdjZTIzMQ
P1121,Shoes,Nike,3813.83,90,1,3,Clothing,"https://static.nike.com/a/images/t_PDP_936_v1/f_auto,q_auto:eco/af53d53d-561f-450a-a483-70a7ceee380f/W+NIKE+DUNK+LOW.png"
P1122,Shoes,Adidas,480.82,31,1,3,Clothing,"https://brand.assets.adidas.com/image/upload/f_auto,q_auto,fl_lossy/if_w_gt_530,w_530/shoes_women_tcc_d_234be42564.jpg"
P1123,Shoes,Puma,2926.59,45,1,3,Clothing,"https://images.puma.com/image/upload/f_auto,q_auto,b_rgb:fafafa,w_600,h_600/global/377911/01/sv01/fnd/PNA/fmt/png/Axelion-Refresh-Men's-Running-Shoes"
P1124,Shoes,Reebok,985.34,32,1,3,Clothing,"https://reebok.bynder.com/transform/68b963c2-bea0-4b22-bf8e-3bb6d7db644d/100026023_SLC_eCom-tif?io=transform:fit,width:500&quality=100"
P1125,Shoes,Bata,2918.76,9,1,3,Clothing,https://tcgroupuae.com/wp-content/uploads/2022/03/Bata-Titan-Safety-Shoe.png
P1126,Socks,Adidas,4167.47,81,1,3,Clothing,"https://assets.adidas.com/images/w_1880,f_auto,q_auto/25cc52cc1eb34bfab57eafc40090e61a_9366/IJ0734_03_standard.jpg"
P1127,Socks,Nike,2517.54,59,1,3,Clothing,"https://static.nike.com/a/images/t_PDP_936_v1/f_auto,q_auto:eco/35c04671-bbd8-43db-b7ec-455e4ae69b37/U+NK+EVERYDAY+CUSH+CRW+6PR+132.png"
P1128,Socks,Puma,2778.82,24,1,3,Clothing,"https://images.puma.com/image/upload/f_auto,q_auto,b_rgb:fafafa,w_2000,h_2000/global/935728/03/fnd/PHL/fmt/png/PUMA-Unisex-Short-Sport-Socks"
P1129,Socks,Jockey,1295.95,64,1,3,Clothing,https://i.ytimg.com/vi/1DFkkLQgw6s/maxresdefault.jpg
P1130,Socks,Bata,4807.71,22,1,3,Clothing,https://www.bata.com/dw/image/v2/BCLG_PRD/on/demandware.static/-/Sites-bata-my-master-catalog/default/dw9d8a8868/images/large/9510020_1.jpg?sw=800&sh=800
P1131,Hat,Nike,3938.23,59,1,3,Clothing,"https://static.nike.com/a/images/t_PDP_936_v1/f_auto,q_auto:eco/0f87adde-6366-49e3-9ab8-3ee6a7ecd64d/U+NK+DF+APEX+BUCKET+SB+CAMO+P.png"
P1132,Hat,Adidas,4389.24,30,1,3,Clothing,"https://assets.adidas.com/images/h_840,f_auto,q_auto,fl_lossy,c_fill,g_auto/ac4db04b3d784cae9b8fac8e015d9e49_9366/Superlite_Hat_White_EX7049_01_standard.jpg"
P1133,Hat,Puma,1715.82,13,1,3,Clothing,"https://images.puma.com/image/upload/f_auto,q_auto,b_rgb:fafafa,w_600,h_600/global/858588/01/fnd/PNA/fmt/png/PUMA-Addison-Stretch-Fit-Cap"
P1134,Hat,Reebok,1435.52,85,1,3,Clothing,https://m.media-amazon.com/images/I/71VuLfwNzML._AC_UY1000_.jpg
P1135,Hat,New Era,2203.55,13,1,3,Clothing,http://www.neweracap.com/cdn/shop/files/60498204_59FIFTY_LifestyleEnergy_LOSDOD_OTC_3QR.jpg?v=1704825464
P1136,Gloves,Nike,942.56,38,1,3,Clothing,"https://static.nike.com/a/images/t_PDP_936_v1/f_auto,q_auto:eco/2597759c-3336-463c-8990-876684790cdc/NK+ACDMY+THERMAFIT+-+HO22.png"
P1137,Gloves,Puma,1565.88,17,1,3,Clothing,"https://images.puma.com/image/upload/f_auto,q_auto,b_rgb:fafafa,w_600,h_600/global/041813/01/fnd/PNA/fmt/png/ULTRA-Ultimate-1-Negative-Cut-Soccer-Goalkeeper's-Gloves"
P1138,Gloves,Adidas,3445.31,90,1,3,Clothing,"https://assets.adidas.com/images/w_600,f_auto,q_auto/d7a2550860b540d2a0cea90d0123064c_9366/Comfort_Fleece_3.0_Gloves_Black_CK4819_01_standard.jpg"
P1139,Gloves,Decathlon,4200.17,66,1,3,Clothing,https://www.decathlon.com/cdn/shop/files/8655824-product_image-p2572881.jpg?v=1719489649
P1140,Gloves,Wildcraft,2000.6,64,1,3,Clothing,https://wildcraft.com/media/catalog/product/2/_/2_901.jpg?width=960
P1141,Scarf,H&M,2634.68,51,1,3,Clothing,https://image.hm.com/assets/hm/59/af/59af0b613544e4a4a0f9dc1b31f108efd8103454.jpg?imwidth=2160
P1142,Scarf,Zara,3523.09,47,1,3,Clothing,https://static.zara.net/assets/public/edc9/724f/0a5f43ecb9a1/591954319038/00653233914-p/00653233914-p.jpg?ts=1720780101112&w=824
P1143,Scarf,FabIndia,4011.67,30,1,3,Clothing,https://apisap.fabindia.com/medias/10670609-1.jpg?context=bWFzdGVyfGltYWdlc3wxOTgxMzV8aW1hZ2UvanBlZ3xhR0kzTDJnNE9TODRPREUwTURJeU1EazRPVGMwTHpFd05qY3dOakE1WHpFdWFuQm58NGNlY2ViZmEzYmNhZGFiMTVkMDU3MDlhYjA1ZjdjZTU0YjdlY2MwYThhZjg3OGI2NThiZjRhYTUzNWVmODQzMg
P1144,Scarf,Uniqlo,3869.62,10,1,3,Clothing,https://image.uniqlo.com/UQ/ST3/WesternCommon/imagesgoods/465876/item/goods_32_465876.jpg
P1145,Scarf,Allen Solly,3601.19,31,1,3,Clothing,https://i.ebayimg.com/images/g/0N4AAOSwZl9kjyTD/s-l1200.webp
P1146,Shorts,Nike,361.74,13,1,3,Clothing,"https://static.nike.com/a/images/t_PDP_936_v1/f_auto,q_auto:eco/542498f6-0c7b-49af-ae94-5c6559fcf929/M+NK+DF+CHALLENGER+7BF+SHORT.png"
P1147,Shorts,Adidas,854.41,39,1,3,Clothing,"https://assets.adidas.com/images/w_600,f_auto,q_auto/2f98f51dc01d46e88cdaadd7004c9ecb_9366/Entrada_22_Shorts_Black_H57508_01_laydown.jpg"
P1148,Shorts,Puma,2843.1,22,1,3,Clothing,"https://images.puma.com/image/upload/f_auto,q_auto,b_rgb:fafafa,w_2000,h_2000/global/538194/01/mod01/fnd/PHL/fmt/png/Classics-Gen.-PUMA-8-Shorts-Men"
P1149,Shorts,Reebok,2687.0,46,1,3,Clothing,"https://reebok.bynder.com/transform/63f8203f-86bc-4819-ab1e-6a024588485f/100043424_F_Model_eCom-tif?io=transform:fit,width:500&quality=100"
P1150,Shorts,Jockey,2174.59,27,1,3,Clothing,https://static.jockeycdn.com/pi/J-016006-0001-DT01-1446.jpg
P1151,Table,Ikea,3571.56,99,1,4,Furniture,https://www.ikea.com/us/en/images/products/linnmon-adils-table-white__0737165_pe740925_s5.jpg?f=s
P1152,Table,Godrej Interio,316.27,45,1,4,Furniture,https://rukminim2.flixcart.com/image/850/1000/kjiwfbk0-0/office-study-table/j/h/a/particle-board-56101597sd00023-godrej-interio-valigny-oak-original-imafz2pvfxyygumu.jpeg?q=90&crop=false
P1153,Table,HomeTown,1124.17,90,1,4,Furniture,https://m.media-amazon.com/images/I/61ae9mvnEQL.jpg
P1154,Table,Urban Ladder,260.15,85,1,4,Furniture,https://www.ulcdn.net/opt/www.ulcdn.net/images/products/339142/slide/666x363/Malabar_Compact_Study_Table_Amber_Walnut_Finish_merc1.jpg?1622090421
P1155,Table,Durian,3297.53,1,1,4,Furniture,https://images.durian.in/Durian/durian/product/800x800/product_2022100611281665055700_54087.jpg
P1156,Chair,Ikea,3076.72,88,1,4,Furniture,https://www.ikea.com/us/en/images/products/groensta-chair-indoor-outdoor-white__1243689_pe920720_s5.jpg?f=s
P1157,Chair,Godrej Interio,2581.1,50,1,4,Furniture,https://www.godrejinterio.com/imagestore/B2B/PULSE003DX/PULSE003DX_02_600x600.png
P1158,Chair,Featherlite,4505.79,25,1,4,Furniture,https://featherlitestore.com/wp-content/uploads/2020/05/Helix-HB-45.jpg
P1159,Chair,Nilkamal,2908.62,79,1,4,Furniture,https://www.nilkamalfurniture.com/cdn/shop/files/CHR4002BRD_1_1.jpg?v=1697780191
P1160,Chair,Urban Ladder,2670.73,70,1,4,Furniture,https://www.ulcdn.net/images/products/334901/slide/666x363/a_blue.jpg?1673590818
P1161,Sofa,Urban Ladder,1436.59,5,1,4,Furniture,https://www.ulcdn.net/opt/www.ulcdn.net/images/products/173213/original/FNSF51ABMB3_-_main_1.jpg?1520484932
P1162,Sofa,HomeTown,1325.04,68,1,4,Furniture,https://mihometownfurnishings.com/cdn/shop/files/937447bd_934x700.jpg?v=1714063533
P1163,Sofa,Pepperfry,3387.45,89,1,4,Furniture,https://ii1.pepperfry.com/media/catalog/product/u/d/494x544/udine-sheesham-wood-3-seater-sofa-in-scratch-resistant-honey-oak-finish-udine-sheesham-wood-3-seater-nbuqfr.jpg
P1164,Sofa,Godrej Interio,548.3,6,1,4,Furniture,https://www.godrejinterio.com/imagestore/B2C/BROADV211/BROADV211_01_803x602.png
P1165,Sofa,Durian,1045.25,72,1,4,Furniture,https://preview.redd.it/a-durian-shaped-sofa-would-you-buy-it-v0-4nmhl8yin8kb1.png?width=928&format=png&auto=webp&s=6d4837ec0341723d8d28173801954d5cd58c2934
P1166,Bed,Wakefit,154.6,51,1,4,Furniture,https://homedecorlo.com/cdn/shop/products/412bBzVukgL_530x@2x.jpg?v=1596035757
P1167,Bed,Durian,2825.74,62,1,4,Furniture,https://images.durian.in/Durian/durian/product/800x800/46701671270404.jpg
P1168,Bed,Pepperfry,4595.81,1,1,4,Furniture,https://ii1.pepperfry.com/media/catalog/product/s/e/1100x1210/segur-solid-wood-king-size-bed-with-drawer-storage-in-provincial-teak-finish-by-woodsworth-segur-sol-3a3gl5.jpg
P1169,Bed,Urban Ladder,2752.02,76,1,4,Furniture,https://www.ulcdn.net/opt/www.ulcdn.net/images/products/681350/slide/666x363/Myres_Hydraulic_Storage_Queen_BedFinish_-_Rustik_Walnut_1.jpg?1667369656
P1170,Bed,Godrej Interio,4513.53,55,1,4,Furniture,https://lookaside.fbsbx.com/lookaside/crawler/media/?media_id=859580319539647
P1171,Bookshelf,Ikea,4986.63,9,1,4,Furniture,https://www.ikea.com/us/en/images/products/billy-bookcase-white__1051924_pe845813_s5.jpg
P1172,Bookshelf,Pepperfry,591.0,42,1,4,Furniture,https://ii1.pepperfry.com/media/catalog/product/c/u/1100x1210/cubix-bookshelf-in-walnut-colour-by-woodbuzz-cubix-bookshelf-in-walnut-colour-by-woodbuzz-2ppaxs.jpg
P1173,Bookshelf,Urban Ladder,2405.18,47,1,4,Furniture,https://www.ulcdn.net/opt/www.ulcdn.net/images/products/855742/slide/666x363/FNSGBR11TK30086_1.jpg?1694677392
P1174,Bookshelf,HomeTown,2572.13,71,1,4,Furniture,https://m.media-amazon.com/images/I/71LoS4EKcUL.jpg
P1175,Bookshelf,Nilkamal,2507.22,93,1,4,Furniture,https://www.nilkamalfurniture.com/cdn/shop/products/CaryBookCase-LS-01.jpg?v=1669635813
P1176,Wardrobe,Godrej Interio,1587.59,57,1,4,Furniture,https://i.ytimg.com/vi/t5eKpdp-EUo/hq720.jpg?sqp=-oaymwEhCK4FEIIDSFryq4qpAxMIARUAAAAAGAElAADIQj0AgKJD&rs=AOn4CLAkk4vZx-gbiB5yu065uvugP9f_LA
P1177,Wardrobe,Ikea,1209.42,64,1,4,Furniture,https://www.ikea.com/gb/en/images/products/pax-wardrobe-white__0855930_pe557276_s5.jpg?f=s
P1178,Wardrobe,Urban Ladder,4904.05,62,1,4,Furniture,https://i.ytimg.com/vi/msi7GudW4UI/maxresdefault.jpg
P1179,Wardrobe,Pepperfry,4048.41,45,1,4,Furniture,https://lookaside.fbsbx.com/lookaside/crawler/media/?media_id=2813906635372540
P1180,Wardrobe,Durian,2400.21,92,1,4,Furniture,https://lookaside.fbsbx.com/lookaside/crawler/media/?media_id=1701162723390632
P1181,Desk,Ikea,4137.77,50,1,4,Furniture,https://www.ikea.com/us/en/images/products/malskytt-alex-desk-birch-white__0976215_pe813108_s5.jpg?f=s
P1182,Desk,Godrej Interio,4955.01,40,1,4,Furniture,"https://static.wixstatic.com/media/b2d3b8_ddaa799b63b74f12ac106673b2e526df~mv2.png/v1/fill/w_290,h_290,al_c,q_85,usm_0.66_1.00_0.01,enc_auto/b2d3b8_ddaa799b63b74f12ac106673b2e526df~mv2.png"
P1183,Desk,Urban Ladder,546.66,37,1,4,Furniture,https://www.ulcdn.net/opt/www.ulcdn.net/images/products/437642/slide/666x363/Roswell_Study_Desk_Colour_White_Amber_Walnut_1.jpg?1638179392
P1184,Desk,Featherlite,407.34,50,1,4,Furniture,https://featherlitestore.com/wp-content/uploads/2020/10/003-1.jpg
P1185,Desk,Nilkamal,2553.95,10,1,4,Furniture,https://cdn.shopify.com/s/files/1/0021/8362/6851/files/MGRTRECTBL2384GPG_2.jpg
P1186,Dining Table,Godrej Interio,1288.15,14,1,4,Furniture,https://lookaside.fbsbx.com/lookaside/crawler/media/?media_id=5541902152508689
P1187,Dining Table,Pepperfry,2689.85,1,1,4,Furniture,https://i.pinimg.com/564x/7a/09/c0/7a09c0f33ba348323bafd74f2c6bd00b.jpg
P1188,Dining Table,Ikea,449.01,61,1,4,Furniture,https://www.ikea.com/us/en/images/products/vedbo-dining-table-black__0815091_pe772752_s5.jpg
P1189,Dining Table,Urban Ladder,84.82,33,1,4,Furniture,https://www.ulcdn.net/opt/www.ulcdn.net/images/products/860325/slide/666x363/FVDS6S82BR72018_1.jpg?1695630902
P1190,Dining Table,Durian,838.71,32,1,4,Furniture,"https://images.durian.in/Durian/durian/product/800x800/456921693548701.jpg?tr=w-938,q-100,pr-true"
P1191,Coffee Table,Ikea,2894.23,58,1,4,Furniture,https://www.ikea.com/us/en/images/products/lack-coffee-table-black-brown__0836233_pe601379_s5.jpg
P1192,Coffee Table,Pepperfry,779.59,91,1,4,Furniture,https://d3aix4pdzjkgj3.cloudfront.net/wp-content/uploads/2013/10/cayenne-segmented-coffee-table-cayenne-segmented-coffee-table-6aaojp2-e1381830143969.jpg
P1193,Coffee Table,Urban Ladder,1514.82,35,1,4,Furniture,https://www.ulcdn.net/opt/www.ulcdn.net/images/products/832292/slide/666x363/A.jpg?1689237229
P1194,Coffee Table,Godrej Interio,4883.04,83,1,4,Furniture,https://images.jdmagicbox.com/quickquotes/images_main/godrej-interio-gayle-coffe-table-coffee-table-black-89038423-95rk9.jpg
P1195,Coffee Table,Durian,3372.66,68,1,4,Furniture,"https://images.durian.in/Durian/durian/product/800x800/566281681370538.jpg?tr=w-938,q-100,pr-true"
P1196,TV Stand,Ikea,4179.63,100,1,4,Furniture,https://www.ikea.com/us/en/images/products/lack-tv-unit-black-brown__0955265_pe803705_s5.jpg
P1197,TV Stand,Urban Ladder,594.04,14,1,4,Furniture,https://www.ulcdn.net/media/collection%20and%20listing/Modernizing_Your_Home_with_the_Right_TV_Cabinet.jpg?1686913965
P1198,TV Stand,Pepperfry,4475.11,32,1,4,Furniture,https://ii1.pepperfry.com/media/catalog/product/k/a/1100x1210/kalama-sheesham-wood-tv-console-in-honey-oak-finish-kalama-sheesham-wood-tv-console-in-honey-oak-fin-bsls9u.jpg
P1199,TV Stand,HomeTown,760.24,9,1,4,Furniture,https://i.pinimg.com/564x/78/e8/c3/78e8c30329141239e1b6b62961790dc6.jpg
P1200,TV Stand,Nilkamal,964.53,60,1,4,Furniture,https://www.nilkamalfurniture.com/cdn/shop/files/FLORITOWALLUNIT.jpg?v=1702358596&width=1080
P1201,Lego Set,LEGO,4487.29,11,2,1,Toys,https://www.lego.com/cdn/cs/set/assets/blt413219d5bb3377f1/40574_alt1.png
P1202,Lego Set,Hasbro,4939.81,8,2,1,Toys,https://people.com/thmb/HeAwR-jrIvclysnPz9pWfbxW2To=/1500x0/filters:no_upscale():max_bytes(150000):strip_icc():focal(749x0:751x2)/THOR-the_goat_boat_1-0d9498dea49e42adac2c06a3eadb602b.jpg
P1203,Lego Set,Fisher-Price,4880.25,14,2,1,Toys,https://preview.redd.it/fisher-price-castle-set-v0-xg2opgts5ch91.jpg?width=1080&crop=smart&auto=webp&s=52407e5cb8b92feeec2546d5634d89132fac79cd
P1204,Lego Set,Mattel,4788.54,91,2,1,Toys,https://content.fortune.com/wp-content/uploads/2017/04/legomattelsplit1.jpg
P1205,Lego Set,Funskool,1786.85,57,2,1,Toys,https://lookaside.instagram.com/seo/google_widget/crawler/?media_id=3424142578214936198
P1206,Action Figure,Marvel,660.73,70,2,1,Toys,https://content.syndigo.com/asset/24a70d04-472b-466c-be95-2522bf6c846f/480.jpg
P1207,Action Figure,DC,791.09,60,2,1,Toys,https://i.ytimg.com/vi/uj1l4N0MQI4/hqdefault.jpg
P1208,Action Figure,Hasbro,3256.87,3,2,1,Toys,https://www.kroger.com/product/images/large/back/0501099394864
P1209,Action Figure,Funko,191.25,1,2,1,Toys,https://funko.com/dw/image/v2/BGTS_PRD/on/demandware.static/-/Sites-funko-master-catalog/default/dw41623bfc/images/funko/8846-2.png?sw=800&sh=800
P1210,Action Figure,Mattel,1767.75,3,2,1,Toys,https://toyworldmag.co.uk/wp-content/uploads/2021/10/WWE-mattel.png
P1211,Puzzle,Ravensburger,1577.01,82,2,1,Toys,https://m.media-amazon.com/images/I/81spMwMbyZL.jpg
P1212,Puzzle,Melissa & Doug,1275.47,11,2,1,Toys,https://www.melissaanddoug.com/cdn/shop/files/2024-06-19_3e7fd6d8-a707-4a78-9df2-0b703c9676ee.jpg?v=1718822294&width=750
P1213,Puzzle,Funskool,3046.45,25,2,1,Toys,https://assets.meromomma.com/2022/05/91KxCQXstwL._SL1500_.jpg
P1214,Puzzle,Hasbro,226.01,36,2,1,Toys,https://www.hasbro.com/common/productimages/en_US/A237BDDD3C5A4319A17B1F649C1F04B3/9868ae2430584d78d987b96db84a3e7ccf7a8f46.jpg
P1215,Puzzle,Toykraft,673.4,83,2,1,Toys,"https://m.media-amazon.com/images/I/61uJD9nVywL._AC_UF894,1000_QL80_.jpg"
P1216,Doll,Barbie,4369.88,70,2,1,Toys,https://m.media-amazon.com/images/I/71+I3hfh5mL.jpg
P1217,Doll,Disney,3242.65,95,2,1,Toys,https://m.media-amazon.com/images/I/81tCZTZLwEL.jpg
P1218,Doll,Mattel,3799.44,17,2,1,Toys,https://creations.mattel.com/cdn/shop/products/rc1fnmpfxlbfalfgskos_fc2a40f0-5c0c-41ae-a223-7ac13fedc23b.jpg?v=1686589283
P1219,Doll,Funskool,2449.42,87,2,1,Toys,https://i.ebayimg.com/images/g/9XEAAOSwg1phlMnZ/s-l1200.jpg
P1220,Doll,Hasbro,255.05,30,2,1,Toys,https://i0.wp.com/thebolddoll.com/wp-content/uploads/2018/12/lorifina-fashion-dolls-hasbro.jpg?resize=750%2C1168
P1221,Toy Car,Hot Wheels,1994.23,74,2,1,Toys,https://m.media-amazon.com/images/I/81R0yPz1tQL.jpg
P1222,Toy Car,Majorette,4013.56,22,2,1,Toys,https://news.simba-dickie.com/data/Storage/News/0000001934/DiscoveryPack_520x358px.jpg
P1223,Toy Car,Maisto,1084.0,72,2,1,Toys,https://kids-nook.com/wp-content/uploads/maisto-1-43-die-cast-cars.jpg
P1224,Toy Car,Funskool,3761.85,65,2,1,Toys,https://babysworld.in/wp-content/uploads/2016/09/433115a.jpg
P1225,Toy Car,Toykraft,341.18,85,2,1,Toys,https://image1.jdomni.in/product/26022024/93/02/34/B8D4F28E33070B8EBFE44BE317_1708927265669.jpg?fit=around|500:500
P1226,Board Game,Monopoly,339.64,23,2,1,Toys,https://upload.wikimedia.org/wikipedia/commons/7/78/Monopoly_board_on_white_bg.jpg
P1227,Board Game,Scrabble,4124.73,13,2,1,Toys,https://cdn.britannica.com/43/242443-050-59522B48/Playing-scrabble-board-game.jpg
P1228,Board Game,Hasbro,1206.98,43,2,1,Toys,https://www.hasbro.com/common/productimages/en_US/2C4B74A6910F4EDC9AD553BA38776B5A/3e578ac3cad59a2a6788b4fcac9d5ee87a0444cb.jpg
P1229,Board Game,Funskool,2219.4,6,2,1,Toys,https://m.media-amazon.com/images/I/81CA2mZpqhL.jpg
P1230,Board Game,Mattel,4334.13,22,2,1,Toys,"https://m.media-amazon.com/images/I/81G3kAjZlwL._AC_UF894,1000_QL80_.jpg"
P1231,Stuffed Animal,Ty,3626.99,73,2,1,Toys,https://www.wkf.com/images/itemVariation/v4_TYBBOOMDBEANIEBOOMEDIUMPINKUNICORN-22071913254.jpg
P1232,Stuffed Animal,Funskool,2207.67,33,2,1,Toys,https://bazaar5.com/image/cache/catalog/pro/product/apiData/b07q1281fd-handycrafts-funskool-diy-plushies-soft-toy-maker-make-your-own-stuffed-animal-art-and-craft-kit-diy-kit-ages-5-and-above-multicolour-0-2560x2189.jpg
P1233,Stuffed Animal,Disney,3769.23,72,2,1,Toys,https://static01.nyt.com/images/2014/08/11/business/11BeanieSUB/11BeanieSUB-articleLarge.jpg?quality=75&auto=webp&disable=upscale
P1234,Stuffed Animal,Mattel,3066.44,62,2,1,Toys,https://m.media-amazon.com/images/I/71R2EpTAaWL.jpg
P1235,Stuffed Animal,Hasbro,1948.32,40,2,1,Toys,https://warehousetoys.com/cdn/shop/products/hasbro-littlest-pet-shop-lps-stuffed-animal-cat-dog-bird-plush-lot-323668.jpg?v=1709749398&width=1445
P1236,Building Blocks,LEGO,1171.95,98,2,1,Toys,https://www.tibco.com/blog/wp-content/uploads/2015/05/lego.jpg
P1237,Building Blocks,Mega Bloks,2176.88,63,2,1,Toys,https://m.media-amazon.com/images/I/81pVmfQpDfL.jpg
P1238,Building Blocks,Funskool,2403.02,39,2,1,Toys,https://abctoysbd.com/wp-content/uploads/2023/10/Word-Build-Game.jpg
P1239,Building Blocks,Melissa & Doug,3871.17,5,2,1,Toys,"https://m.media-amazon.com/images/I/71jVEjU17nL._AC_UF894,1000_QL80_.jpg"
P1240,Building Blocks,Toykraft,662.94,19,2,1,Toys,https://lookaside.fbsbx.com/lookaside/crawler/media/?media_id=923520589818487
P1241,RC Car,Hot Wheels,1215.06,14,2,1,Toys,https://i.ytimg.com/vi/TQ458hYixPs/maxresdefault.jpg
P1242,RC Car,Maisto,3863.29,27,2,1,Toys,https://www.maisto.com/images/rc_premium/rcpremium3.jpg
P1243,RC Car,Funskool,4633.78,44,2,1,Toys,https://ik.imagekit.io/91ubcvvnh3k/88/brainbees/images/products/zoom/1076070a.jpg
P1244,RC Car,Majorette,185.74,20,2,1,Toys,https://i.ytimg.com/vi/ZqyJ3Iu6QCY/sddefault.jpg
P1245,RC Car,Toykraft,2650.96,45,2,1,Toys,https://lookaside.fbsbx.com/lookaside/crawler/media/?media_id=1100774591264852&get_thumbnail=1
P1246,Yo-yo,Duncan,3110.13,98,2,1,Toys,https://duncantoys.com/cdn/shop/files/Duncan_Butterfly_Asst._3124BU-BL1-a.png?v=1688054422&width=585
P1247,Yo-yo,MagicYoYo,2495.98,4,2,1,Toys,"https://m.media-amazon.com/images/I/71IlzRzkt6L._AC_UF894,1000_QL80_.jpg"
P1248,Yo-yo,YoYoFactory,547.3,18,2,1,Toys,http://yoyofactory.com/cdn/shop/products/DNA-YoYo-galaxy.jpg?v=1677705761
P1249,Yo-yo,Funskool,2587.83,33,2,1,Toys,https://rukminim1.flixcart.com/image/300/300/spin-press-launch-toy/c/t/h/funskool-hyperblades-beyblade-metal-fury-diablo-memesis-original-imadwcy3cjgd2aqy.jpeg
P1250,Yo-yo,Toykraft,2220.93,15,2,1,Toys,https://i.ebayimg.com/images/g/UPQAAOSwy6VjqNGe/s-l400.jpg
P1251,Notebooks,Classmate,4695.31,62,2,2,Stationery,https://m.media-amazon.com/images/I/61NUA0O7WTL.jpg
P1252,Notebooks,Navneet,2011.76,55,2,2,Stationery,https://qadristationery.com/storage/media/MBfzPLsLdpVmqz8JpLMc2QBGa0fJ2e0tXerJtCrK.webp
P1253,Notebooks,Cello,1257.18,98,2,2,Stationery,https://i.etsystatic.com/22794919/r/il/53a788/2393542941/il_570xN.2393542941_scik.jpg
P1254,Notebooks,ITC,4746.91,45,2,2,Stationery,http://groceryatdoor-com-2.myshopify.com/cdn/shop/products/itc-classmate-nootbook-19-x-155-cm-84-pages_1d0676b7-a30f-4521-9405-af5d6c5a079b_grande.png?v=1407880198
P1255,Notebooks,Camlin,4102.32,65,2,2,Stationery,https://svadh.in/public/uploads/all/w1NJkZVIRdBXADiRwOc2etDhgu1a6kEGgCJgkG69.jpg
P1256,Pens,Reynolds,4129.72,53,2,2,Stationery,https://www.reynolds-pens.com/wp-content/uploads/2022/01/Reynolds-News-Page-Banner-2.jpg
P1257,Pens,Cello,4793.99,79,2,2,Stationery,https://preview.redd.it/which-pen-s-did-you-prefer-mine-were-add-gel-achiever-cello-v0-4himg7cmkg7a1.jpg?auto=webp&s=8c18ef8d2fc94f0b983f522206d2f45aa215ab74
P1258,Pens,Pilot,4778.55,31,2,2,Stationery,"https://m.media-amazon.com/images/I/810D4nBOFRL._AC_UF894,1000_QL80_.jpg"
P1259,Pens,Luxor,3243.79,35,2,2,Stationery,https://artikate.com/cdn/shop/files/lx-max_ecom_2_1_97312f1a-5eb5-41bd-952f-02940a96f565_700x.png?v=1691430904
P1260,Pens,Parker,4007.35,3,2,2,Stationery,https://i.etsystatic.com/21424075/r/il/3610bd/2443026037/il_570xN.2443026037_sdsg.jpg
P1261,Pencils,Apsara,1344.14,16,2,2,Stationery,https://m.media-amazon.com/images/I/71mCWONL67L.jpg
P1262,Pencils,Natraj,2413.28,5,2,2,Stationery,https://m.media-amazon.com/images/I/618qhwScG-L.jpg
P1263,Pencils,Staedtler,652.11,20,2,2,Stationery,"https://m.media-amazon.com/images/I/81gj-mPKNwL._AC_UF894,1000_QL80_.jpg"
P1264,Pencils,Faber-Castell,763.47,50,2,2,Stationery,https://m.media-amazon.com/images/I/81y07cHdJlL.jpg
P1265,Pencils,Camel,4860.56,3,2,2,Stationery,https://images.squarespace-cdn.com/content/v1/5005c8fc84ae929b37214ebd/1486915992800-5O1T2SCLPE1EVGV3VIAZ/image-asset.jpeg
P1266,Markers,Camlin,2573.54,68,2,2,Stationery,https://www.kokuyocamlin.com/camlin/assets/camlin/markers-and-pens/permanent-markers/permanent-markers/carton-of-10-markers-in-black-shade-2/1.JPG
P1267,Markers,Luxor,2500.17,68,2,2,Stationery,https://luxor.in/media/catalog/product/cache/1d33a401d7d4f49c41930c20a2e836a7/9/0/9000021217_1.jpg
P1268,Markers,Faber-Castell,4928.4,23,2,2,Stationery,https://m.media-amazon.com/images/I/81hx-+bJc2L.jpg
P1269,Markers,Staedtler,801.22,29,2,2,Stationery,http://tokyopenshop.com/cdn/shop/products/staedtlerduopermanentcolorset_000.jpg?v=1679513602
P1270,Markers,Cello,2045.82,72,2,2,Stationery,https://m.media-amazon.com/images/I/61fgPHr1dlL.jpg
P1271,Glue,Fevicol,3087.74,14,2,2,Stationery,https://m.media-amazon.com/images/I/51X1RG-7WmL.jpg
P1272,Glue,Camel,4838.19,82,2,2,Stationery,https://www.threadshop.in/product-images/1.jpg/305785000006554070/600x600
P1273,Glue,UHU,1232.67,1,2,2,Stationery,https://m.media-amazon.com/images/I/61m-Py5kUsL.jpg
P1274,Glue,Elmer's,2287.67,92,2,2,Stationery,"https://m.media-amazon.com/images/I/71hLQtaNk-L._AC_UF1000,1000_QL80_.jpg"
P1275,Glue,Pidilite,932.57,95,2,2,Stationery,"https://m.media-amazon.com/images/I/61fhqg9u2xL._AC_UF1000,1000_QL80_.jpg"
P1276,Highlighters,Luxor,4473.39,2,2,2,Stationery,https://www.glubery.com/public/uploads/1645988141Luxor_Highlighter_Fluoroscent.jpg
P1277,Highlighters,Faber-Castell,1965.53,87,2,2,Stationery,https://static2.jetpens.com/images/a/000/225/225087.jpg?auto=format&blend-align=middle%2Ccenter&blend-alpha=10&blend-mode=difference&blend-size=inherit&blend64=aHR0cHM6Ly9zdGF0aWMxLmpldHBlbnMuY29tL2ltYWdlcy9hc3NldHMvd2F0ZXJtYXJrMi5wbmc&chromasub=444&fm=jpg&mark-align=top%2Cright&mark-alpha=30&mark-scale=16&mark64=aHR0cHM6Ly9zdGF0aWMxLmpldHBlbnMuY29tL2ltYWdlcy9hc3NldHMvd2F0ZXJtYXJrMS5wbmc&q=90&usm=20&w=600&s=9e85fc9663f7dcd729b7031a6a720724
P1278,Highlighters,Staedtler,4530.14,83,2,2,Stationery,https://m.media-amazon.com/images/I/91TsHJGyplL.jpg
P1279,Highlighters,Camlin,1772.14,82,2,2,Stationery,https://www.kokuyocamlin.com/camlin/assets/camlin/markers-and-pens/highlighters/assorted-packs/assorted-pouch-of-5-shades/1.JPG
P1280,Highlighters,Stabilo,1533.78,23,2,2,Stationery,https://sta-live-cdn.b-cdn.net/media/f4/5f/79/1646825183/St_175656_70_xxx_Pen_horizontal_cs.jpg?1729221660&
P1281,Scissors,Fiskars,4458.76,66,2,2,Stationery,https://m.media-amazon.com/images/I/41Oaw6nfwuL.jpg
P1282,Scissors,Scotch,1390.52,77,2,2,Stationery,https://m.media-amazon.com/images/I/61uzMyxBmuL.jpg
P1283,Scissors,Westcott,3821.32,1,2,2,Stationery,https://innoviamedical.com/wp-content/uploads/2022/03/Westcott-Scissors-angle.jpg
P1284,Scissors,Camlin,3539.02,96,2,2,Stationery,https://ogfdata-bth4c2daghbmdbgw.z03.azurefd.net/productimages/Ori%20CM%2045.jpg
P1285,Scissors,Staedtler,1611.94,6,2,2,Stationery,https://m.media-amazon.com/images/I/71b0mUVhE9L.jpg
P1286,Staplers,Kangaro,266.06,21,2,2,Stationery,https://m.media-amazon.com/images/I/711B1BL3AxL.jpg
P1287,Staplers,Max,1868.21,28,2,2,Stationery,https://www.maxusacorp.com/wp-content/uploads/HD-50DF.jpg
P1288,Staplers,Swingline,2317.27,39,2,2,Stationery,https://m.media-amazon.com/images/I/61OaktwFOML.jpg
P1289,Staplers,Bostitch,3419.79,56,2,2,Stationery,https://m.media-amazon.com/images/I/81fNjJQ6iyL.jpg
P1290,Staplers,Faber-Castell,480.62,75,2,2,Stationery,http://shop.faber-castell.com.my/cdn/shop/files/401154.jpg?v=1686643603&width=2048
P1291,Tape,Scotch,2579.61,36,2,2,Stationery,https://m.media-amazon.com/images/I/71mw1W7S8WL.jpg
P1292,Tape,3M,2231.33,15,2,2,Stationery,https://target.scene7.com/is/image/Target/GUEST_2093fb0a-7215-4435-bd58-4b10563ba43f?wid=488&hei=488&fmt=pjpeg
P1293,Tape,Cello,4720.72,34,2,2,Stationery,https://i.ebayimg.com/images/g/Tk8AAOSwcZhkAuLI/s-l1200.jpg
P1294,Tape,Pidilite,3345.99,64,2,2,Stationery,"https://m.media-amazon.com/images/I/613hHMBpqAL._AC_UF1000,1000_QL80_.jpg"
P1295,Tape,Aeron,3644.64,7,2,2,Stationery,https://www.monstercat.com/release/SILK011/cover
P1296,Binders,Classmate,2444.4,59,2,2,Stationery,https://cdn.images.fecom-media.com/FE00051379/images/Classmates_A4_Ring_Binder_Purple_Pack_of_101436726_du2yBkHGg0.jpg?width=578&height=578&scale=UpscaleCanvas&anchor=MiddleCenter
P1297,Binders,Navneet,2320.71,48,2,2,Stationery,https://lookaside.instagram.com/seo/google_widget/crawler/?media_id=3419229887558238062
P1298,Binders,ITC,2738.38,21,2,2,Stationery,https://www.researchgate.net/publication/379514962/figure/fig1/AS:11431281239961696@1714582270435/ITC-of-Sp-Fld-with-three-potential-binders-identified-in-a-HTS-assay-a-cefotaxime-b.png
P1299,Binders,Apsara,2948.92,85,2,2,Stationery,https://lookaside.fbsbx.com/lookaside/crawler/media/?media_id=1008654161266042
P1300,Binders,Camlin,2098.2,90,2,2,Stationery,https://media.licdn.com/dms/image/v2/D4D22AQFsFHvOL_pgSw/feedshare-shrink_800/feedshare-shrink_800/0/1727181443475?e=2147483647&v=beta&t=PaREr5vRiB5nJH-noTenhsXqcL4hXjvhVUITcLJixXE
P1301,Cricket Bat,SS,2306.02,18,2,3,Sports Equipment,https://www.sstoncricket.com/wp-content/uploads/2023/04/Untitled-1.jpg
P1302,Cricket Bat,SG,612.48,91,2,3,Sports Equipment,https://cdn-ilbbnef.nitrocdn.com/OjFVETHYYORjKMqwGnbjNjwKADteabjZ/assets/images/optimized/rev-9c5a098/bestcricketstore.com/wp-content/uploads/2024/08/IMG_4266.jpeg
P1303,Cricket Bat,MRF,1013.89,50,2,3,Sports Equipment,https://dkpcricketonline.com/cdn/shop/files/1BD67176-6604-4F77-A428-14019F6CDEB0_1800x1800.jpg?v=1714900532
P1304,Cricket Bat,Kookaburra,4654.82,1,2,3,Sports Equipment,https://cdn-5c84bc36-b681cbc1.mysagestore.com/b522fd52e101edc926c3308c230445d5/contents/2A141JOS/thumbnail/middle_2A141JOS.JPG
P1305,Cricket Bat,GM,2275.86,68,2,3,Sports Equipment,https://www.playwiththebest.com/media/catalog/category/THUMBNAIL_EW_1.jpg
P1306,Football,Nivia,3051.87,80,2,3,Sports Equipment,https://m.media-amazon.com/images/I/81JevpyZq8L.jpg
P1307,Football,Cosco,313.05,58,2,3,Sports Equipment,"https://m.media-amazon.com/images/I/81mwh-6jf-L._AC_UF1000,1000_QL80_.jpg"
